{"bounds":{"east":113.42214345932007,"north":31.75171136856079,"south":31.68283224105835,"west":113.352792263031},"contentType":"quantizedmesh","latLonBounds":{"east":113.42214345932007,"north":31.75171136856079,"south":31.68283224105835,"west":113.352792263031},"maxzoom":16,"minzoom":0,"proj":4326,"tiletrans":"tms","type":"terrain","ziped":false}